51,Product_51,101
52,Product_52,102
53,Product_53,103
54,Product_54,104
55,Product_55,105
56,Product_56,106
57,Product_57,107
58,Product_58,108
59,Product_59,109
60,Product_60,110
61,Product_61,111
62,Product_62,112
63,Product_63,113
64,Product_64,114
65,Product_65,115
66,Product_66,116
67,Product_67,117
68,Product_68,118
69,Product_69,119
70,Product_70,120
71,Product_71,121
72,Product_72,122
73,Product_73,123
74,Product_74,124
75,Product_75,125
26,Product_26,126
27,Product_27,127
28,Product_28,128
29,Product_29,129
30,Product_30,130
31,Product_31,131
32,Product_32,132
33,Product_33,133
34,Product_34,134
35,Product_35,135
36,Product_36,136
37,Product_37,137
38,Product_38,138
39,Product_39,139
40,Product_40,140
41,Product_41,141
42,Product_42,142
43,Product_43,143
44,Product_44,144
45,Product_45,145
46,Product_46,146
47,Product_47,147
48,Product_48,148
49,Product_49,149
50,Product_50,100
