487,Customer_487,cust487@gmail.com,27
488,Customer_488,cust488@gmail.com,28
489,Customer_489,cust489@gmail.com,29
490,Customer_490,cust490@gmail.com,30
491,Customer_491,cust491@gmail.com,31
492,Customer_492,cust492@gmail.com,32
493,Customer_493,cust493@gmail.com,33
494,Customer_494,cust494@gmail.com,34
495,Customer_495,cust495@gmail.com,35
496,Customer_496,cust496@gmail.com,36
497,Customer_497,cust497@gmail.com,37
498,Customer_498,cust498@gmail.com,38
499,Customer_499,cust499@gmail.com,39
500,Customer_500,cust500@gmail.com,40
501,Customer_501,cust501@gmail.com,41
502,Customer_502,cust502@gmail.com,42
503,Customer_503,cust503@gmail.com,43
504,Customer_504,cust504@gmail.com,44
505,Customer_505,cust505@gmail.com,45
506,Customer_506,cust506@gmail.com,46
507,Customer_507,cust507@gmail.com,47
508,Customer_508,cust508@gmail.com,48
509,Customer_509,cust509@gmail.com,49
510,Customer_510,cust510@gmail.com,20
511,Customer_511,cust511@gmail.com,21
512,Customer_512,cust512@gmail.com,22
513,Customer_513,cust513@gmail.com,23
514,Customer_514,cust514@gmail.com,24
515,Customer_515,cust515@gmail.com,25
516,Customer_516,cust516@gmail.com,26
517,Customer_517,cust517@gmail.com,27
518,Customer_518,cust518@gmail.com,28
519,Customer_519,cust519@gmail.com,29
520,Customer_520,cust520@gmail.com,30
521,Customer_521,cust521@gmail.com,31
522,Customer_522,cust522@gmail.com,32
523,Customer_523,cust523@gmail.com,33
524,Customer_524,cust524@gmail.com,34
525,Customer_525,cust525@gmail.com,35
526,Customer_526,cust526@gmail.com,36
527,Customer_527,cust527@gmail.com,37
528,Customer_528,cust528@gmail.com,38
529,Customer_529,cust529@gmail.com,39
530,Customer_530,cust530@gmail.com,40
531,Customer_531,cust531@gmail.com,41
532,Customer_532,cust532@gmail.com,42
533,Customer_533,cust533@gmail.com,43
534,Customer_534,cust534@gmail.com,44
535,Customer_535,cust535@gmail.com,45
536,Customer_536,cust536@gmail.com,46
537,Customer_537,cust537@gmail.com,47
538,Customer_538,cust538@gmail.com,48
539,Customer_539,cust539@gmail.com,49
540,Customer_540,cust540@gmail.com,20
541,Customer_541,cust541@gmail.com,21
542,Customer_542,cust542@gmail.com,22
543,Customer_543,cust543@gmail.com,23
544,Customer_544,cust544@gmail.com,24
545,Customer_545,cust545@gmail.com,25
546,Customer_546,cust546@gmail.com,26
547,Customer_547,cust547@gmail.com,27
548,Customer_548,cust548@gmail.com,28
549,Customer_549,cust549@gmail.com,29
550,Customer_550,cust550@gmail.com,30
551,Customer_551,cust551@gmail.com,31
552,Customer_552,cust552@gmail.com,32
553,Customer_553,cust553@gmail.com,33
554,Customer_554,cust554@gmail.com,34
555,Customer_555,cust555@gmail.com,35
556,Customer_556,cust556@gmail.com,36
557,Customer_557,cust557@gmail.com,37
558,Customer_558,cust558@gmail.com,38
559,Customer_559,cust559@gmail.com,39
560,Customer_560,cust560@gmail.com,40
561,Customer_561,cust561@gmail.com,41
562,Customer_562,cust562@gmail.com,42
563,Customer_563,cust563@gmail.com,43
564,Customer_564,cust564@gmail.com,44
565,Customer_565,cust565@gmail.com,45
566,Customer_566,cust566@gmail.com,46
567,Customer_567,cust567@gmail.com,47
568,Customer_568,cust568@gmail.com,48
569,Customer_569,cust569@gmail.com,49
570,Customer_570,cust570@gmail.com,20
571,Customer_571,cust571@gmail.com,21
572,Customer_572,cust572@gmail.com,22
573,Customer_573,cust573@gmail.com,23
574,Customer_574,cust574@gmail.com,24
575,Customer_575,cust575@gmail.com,25
576,Customer_576,cust576@gmail.com,26
577,Customer_577,cust577@gmail.com,27
578,Customer_578,cust578@gmail.com,28
579,Customer_579,cust579@gmail.com,29
580,Customer_580,cust580@gmail.com,30
581,Customer_581,cust581@gmail.com,31
582,Customer_582,cust582@gmail.com,32
583,Customer_583,cust583@gmail.com,33
584,Customer_584,cust584@gmail.com,34
585,Customer_585,cust585@gmail.com,35
586,Customer_586,cust586@gmail.com,36
587,Customer_587,cust587@gmail.com,37
588,Customer_588,cust588@gmail.com,38
589,Customer_589,cust589@gmail.com,39
590,Customer_590,cust590@gmail.com,40
591,Customer_591,cust591@gmail.com,41
592,Customer_592,cust592@gmail.com,42
593,Customer_593,cust593@gmail.com,43
594,Customer_594,cust594@gmail.com,44
595,Customer_595,cust595@gmail.com,45
596,Customer_596,cust596@gmail.com,46
597,Customer_597,cust597@gmail.com,47
598,Customer_598,cust598@gmail.com,48
599,Customer_599,cust599@gmail.com,49
600,Customer_600,cust600@gmail.com,20
601,Customer_601,cust601@gmail.com,21
602,Customer_602,cust602@gmail.com,22
603,Customer_603,cust603@gmail.com,23
604,Customer_604,cust604@gmail.com,24
605,Customer_605,cust605@gmail.com,25
606,Customer_606,cust606@gmail.com,26
607,Customer_607,cust607@gmail.com,27
608,Customer_608,cust608@gmail.com,28
609,Customer_609,cust609@gmail.com,29
610,Customer_610,cust610@gmail.com,30
611,Customer_611,cust611@gmail.com,31
612,Customer_612,cust612@gmail.com,32
613,Customer_613,cust613@gmail.com,33
614,Customer_614,cust614@gmail.com,34
615,Customer_615,cust615@gmail.com,35
616,Customer_616,cust616@gmail.com,36
617,Customer_617,cust617@gmail.com,37
618,Customer_618,cust618@gmail.com,38
619,Customer_619,cust619@gmail.com,39
620,Customer_620,cust620@gmail.com,40
621,Customer_621,cust621@gmail.com,41
622,Customer_622,cust622@gmail.com,42
623,Customer_623,cust623@gmail.com,43
624,Customer_624,cust624@gmail.com,44
625,Customer_625,cust625@gmail.com,45
626,Customer_626,cust626@gmail.com,46
627,Customer_627,cust627@gmail.com,47
628,Customer_628,cust628@gmail.com,48
629,Customer_629,cust629@gmail.com,49
630,Customer_630,cust630@gmail.com,20
631,Customer_631,cust631@gmail.com,21
632,Customer_632,cust632@gmail.com,22
633,Customer_633,cust633@gmail.com,23
634,Customer_634,cust634@gmail.com,24
635,Customer_635,cust635@gmail.com,25
636,Customer_636,cust636@gmail.com,26
637,Customer_637,cust637@gmail.com,27
638,Customer_638,cust638@gmail.com,28
639,Customer_639,cust639@gmail.com,29
640,Customer_640,cust640@gmail.com,30
641,Customer_641,cust641@gmail.com,31
642,Customer_642,cust642@gmail.com,32
643,Customer_643,cust643@gmail.com,33
644,Customer_644,cust644@gmail.com,34
645,Customer_645,cust645@gmail.com,35
646,Customer_646,cust646@gmail.com,36
647,Customer_647,cust647@gmail.com,37
648,Customer_648,cust648@gmail.com,38
649,Customer_649,cust649@gmail.com,39
650,Customer_650,cust650@gmail.com,40
